{"cameraMode":{"drawMode":0,"name":"Shaded","section":"Shading Mode"},"sceneLighting":false,"audioPlay":false,"sceneViewState":{"m_AlwaysRefresh":false,"showFog":true,"showSkybox":true,"showFlares":true,"showImageEffects":true,"showParticleSystems":true,"showVisualEffectGraphs":true,"m_FxEnabled":true},"in2DMode":false,"pivot":{"x":-0.19303691387176515,"y":0.18800228834152223,"z":-0.06743644922971726},"rotation":{"x":-0.3423693776130676,"y":-0.4576205313205719,"z":0.19666647911071778,"w":-0.7966387271881104},"size":0.008298554457724095,"orthographic":false}